<?xml version="1.0" encoding="UTF-8" ?>
<module>
	<name>addh1h2</name>
	<displayName><![CDATA[addh1h2]]></displayName>
	<version><![CDATA[1.0.0]]></version>
	<description><![CDATA[A&ntilde;adir h1 h2 al index de prestashop.]]></description>
	<author><![CDATA[Akaronte]]></author>
	<tab><![CDATA[seo]]></tab>
	<confirmUninstall><![CDATA[Are you sure you want to uninstall?]]></confirmUninstall>
	<is_configurable>1</is_configurable>
	<need_instance>0</need_instance>
	<limited_countries></limited_countries>
</module>